title;rss
Ειδήσεις Ελλάδα;https://www.in.gr/greece/feed
Ειδήσεις;https://www.in.gr/feed
Ειδήσεις Κόσμος;https://www.in.gr/world/feed
Ειδήσεις Οικονομία;https://www.in.gr/economy/feed
Ειδήσεις Πολιτισμός;https://www.in.gr/culture/feed
Αθλητισμός: Ποδόσφαιρο;https://www.in.gr/sports/football/feed
Αθλητισμός: Μπάσκετ;https://www.in.gr/sports/basketball/feed
Αθλητισμός: Βόλεϊ;https://www.in.gr/sports/volleyball/feed
Αθλητισμός: Υγρός Στίβος;https://www.in.gr/sports/watersports/feed
Αθλητισμός: Στίβος;https://www.in.gr/sports/track/feed
Αθλητισμός: Άλλα Αθλήματα;https://www.in.gr/sports/othersports/feed
Αθλητισμός;https://www.in.gr/sports/feed
Αυτοκίνητο;https://www.in.gr/auto/feed
Lifestyle;https://www.in.gr/life/feed
Παράξενα;https://www.in.gr/go-fun/feed
